sheet,bert_p,bert_r,bert_f1,semantic_similarity
Sheet1,0.7134877761205037,0.7749891916910807,0.7423093875249227,0.7423093875249227
OVERALL,0.7134877761205037,0.7749891916910807,0.7423093875249227,0.7423093875249227
