sheet,bert_p,bert_r,bert_f1,semantic_similarity
Sheet1,0.8596547524134318,0.9613274256388347,0.907133142153422,0.907133142153422
OVERALL,0.8596547524134318,0.9613274256388347,0.907133142153422,0.907133142153422
