sheet,rouge1_f,rouge2_f,rougeL_f
Sheet1,0.8606823428724957,0.8481428593193299,0.8606823428724957
OVERALL,0.8606823428724957,0.8481428593193299,0.8606823428724957
