sheet,rouge1_f,rouge2_f,rougeL_f
Sheet1,0.33968461478708595,0.26653133961589304,0.30213915227927257
OVERALL,0.339684614787086,0.26653133961589304,0.3021391522792726
