sheet,bert_p,bert_r,bert_f1,semantic_similarity
Sheet1,0.7420399288336436,0.7577380061149597,0.7484849750995636,0.7484849750995636
OVERALL,0.7420399288336436,0.7577380061149597,0.7484849750995636,0.7484849750995636
