sheet,bert_p,bert_r,bert_f1,semantic_similarity
Sheet1,0.8404541810353597,0.8550999124844869,0.8468018690745036,0.8468018690745036
OVERALL,0.8404541810353597,0.8550999124844869,0.8468018690745036,0.8468018690745036
