sheet,rouge1_f,rouge2_f,rougeL_f
Sheet1,0.6567667034434813,0.5918462301718195,0.6481808448576227
OVERALL,0.6567667034434815,0.5918462301718195,0.6481808448576227
