sheet,rouge1_f,rouge2_f,rougeL_f
Sheet1,0.45990655064407177,0.31545213856962234,0.4528890067844226
OVERALL,0.4599065506440717,0.3154521385696224,0.45288900678442257
